"codigo_centro_poblado","nombre_municipio","longitud","latitud"
5001000,"MEDELLIN",-74.886816625,5.61010977610329
5002000,"ABEJORRAL",-75.4287380971,5.78930448541
5004000,"ABRIAQUI",-76.0647034585,6.63180645181
5021000,"ALEJANDRIA",-75.1413329006,6.37606567589
5030000,"AMAGA",-75.7019460715,6.03880857536
5031000,"AMALFI",-75.0825242787,6.91230472638
5034000,"ANDES",-75.8787918873,5.65677485248
5036000,"ANGELOPOLIS",-75.7113511436,6.10961436831
5038000,"ANGOSTURA",-75.3351159651,6.88517459133
5040000,"ANORI",-75.1483484246,7.07470766852
5042000,"SANTA FE DE ANTIOQUIA",-75.827079071,6.55653329637
5044000,"ANZA",-75.8544415828,6.3026583592
5045000,"APARTADO",-76.6259606537,7.88341740579
5051000,"ARBOLETES",-76.4270567981,8.85056773431
5055000,"ARGELIA",-75.1417414563,5.7306718788
5059000,"ARMENIA",-75.7868378278,6.15581872915
5079000,"BARBOSA",-75.3316442322,6.43922688162
5086000,"BELMIRA",-75.6673741337,6.60615950206
5088000,"BELLO",-75.554665073,6.33406883641
5091000,"BETANIA",-75.97554408,5.74474717984
5093000,"BETULIA",-75.9845158732,6.11525559427
5101000,"CIUDAD BOLIVAR",-76.021509205,5.85027323212
5107000,"BRICENO",-75.5481302168,7.11488294739
5113000,"BURITICA",-75.9075347298,6.71973517464
5120000,"CACERES",-75.3523574868,7.5783154508
5125000,"CAICEDO",-75.9828188939,6.40556700301
5129000,"CALDAS",-75.6336187219,6.09129696608
5134000,"CAMPAMENTO",-75.2980884258,6.97977768219
5138000,"CANASGORDAS",-76.032209943,6.75947768445
5142000,"CARACOLI",-74.7574494413,6.40985472681
5145000,"CARAMANTA",-75.6438684536,5.54853040415
5147000,"CAREPA",-76.6532103356,7.75511634554
5148000,"EL CARMEN DE VIBORAL",-75.3353624585,6.08455151564
5150000,"CAROLINA",-75.2831701138,6.72597714593
5154000,"CAUCASIA",-75.1982903265,7.97736233321
5172000,"CHIGORODO",-76.6812163995,7.66630043881
5190000,"CISNEROS",-75.0872076079,6.53776195685
5197000,"COCORNA",-75.185481011,6.05830633507
5206000,"CONCEPCION",-75.2576027037,6.39434709534
5209000,"CONCORDIA",-75.9075047222,6.04656857348
5212000,"COPACABANA",-75.5093439031,6.34864054523
5234000,"DABEIBA",-76.2629766474,7.00032193981
5237000,"DONMATIAS",-75.3927240596,6.48446995712
5240000,"EBEJICO",-75.7662204715,6.32605665759
5250000,"EL BAGRE",-74.799097289,7.5975217942
5264000,"ENTRERRIOS",-75.5178008012,6.56648144846
5266000,"ENVIGADO",-75.5830101409,6.16700455162
5282000,"FREDONIA",-75.6705063969,5.92436800588
5284000,"FRONTINO",-76.1307651388,6.77606591161
5306000,"GIRALDO",-75.9521575645,6.68080801628
5308000,"GIRARDOTA",-75.444462208,6.37961383411
5310000,"GOMEZ PLATA",-75.2200381981,6.68328758565
5313000,"GRANADA",-75.1844450829,6.14289666655
5315000,"GUADALUPE",-75.2400185907,6.81426345539
5318000,"GUARNE",-75.441653922,6.2780640767
5321000,"GUATAPE",-75.1622925892,6.23259270739
5347000,"HELICONIA",-75.7343223837,6.20675746119
5353000,"HISPANIA",-75.9065882653,5.79946157519
5360000,"ITAGUI",-75.6143587142,6.16959762893
5361000,"ITUANGO",-75.7646731654,7.17162902996
5364000,"JARDIN",-75.8189809206,5.59754174066
5368000,"JERICO",-75.7854985547,5.78974793122
5376000,"LA CEJA",-75.4294308862,6.02805574408
5380000,"LA ESTRELLA",-75.6451903823,6.15841974028
5390000,"LA PINTADA",-75.6078102611,5.74380747913
5400000,"LA UNION",-75.3608659043,5.97386821834
5411000,"LIBORINA",-75.8128322684,6.67732305342
5425000,"MACEO",-74.7871614805,6.55211691287
5440000,"MARINILLA",-75.3394778776,6.17226925482
5467000,"MONTEBELLO",-75.5235109116,5.94632556697
5475000,"MURINDO",-76.8174580606,6.9776918531
5480000,"MUTATA",-76.4358754017,7.24287505724
5483000,"NARINO",-75.1762613179,5.61077458468
5490000,"NECOCLI",-76.7845744975,8.42613598349
5495000,"NECHI",-74.7764701215,8.09412866101
5501000,"OLAYA",-75.8122987303,6.62752573822
5541000,"PENOL",-75.2428217137,6.2194505492
5543000,"PEQUE",-75.9103455573,7.02101791754
5576000,"PUEBLORRICO",-75.8407735524,5.7917860324
5579000,"PUERTO BERRIO",-74.4099455275,6.48704114044
5585000,"PUERTO NARE",-74.5830120144,6.18602482798
5591000,"PUERTO TRIUNFO",-74.6412629307,5.87121295851
5604000,"REMEDIOS",-74.695944258,7.0260940527
5607000,"RETIRO",-75.5013751615,6.06337995392
5615000,"RIONEGRO",-75.3767693823,6.14722409002
5628000,"SABANALARGA",-75.8166460917,6.85002588958
5631000,"SABANETA",-75.6155852932,6.15097018093
5642000,"SALGAR",-75.9820485436,5.96564031015
5647000,"SAN ANDRES DE CUERQUIA",-75.6747325261,6.9168085123
5649000,"SAN CARLOS",-74.9879525625,6.18799156886
5652000,"SAN FRANCISCO",-75.1026869656,5.96407913115
5656000,"SAN JERONIMO",-75.7270005793,6.44806660759
5658000,"SAN JOSE DE LA MONTANA",-75.6833516268,6.85009029903
5659000,"SAN JUAN DE URABA",-76.5287943448,8.75934180098
5660000,"SAN LUIS",-74.993641001,6.04298328495
5664000,"SAN PEDRO DE LOS MILAGROS",-75.5567191507,6.46013859862
5665000,"SAN PEDRO DE URABA",-76.380577886,8.27688666409
5667000,"SAN RAFAEL",-75.0279838158,6.29375487579
5670000,"SAN ROQUE",-75.019157568,6.48594893629
5674000,"SAN VICENTE FERRER",-75.3326138129,6.28215585171
5679000,"SANTA BARBARA",-75.5673517822,5.87553339785
5686000,"SANTA ROSA DE OSOS",-75.4607450191,6.64332600099
5690000,"SANTO DOMINGO",-75.1677837076,6.47484329288
5697000,"EL SANTUARIO",-75.2658497944,6.13704685813
5736000,"SEGOVIA",-74.7015910715,7.07963967923
5756000,"SONSON",-75.3093951469,5.71481164114
5761000,"SOPETRAN",-75.7472563632,6.50098577268
5789000,"TAMESIS",-75.7143206871,5.66446663613
5790000,"TARAZA",-75.4014059617,7.58012081462
5792000,"TARSO",-75.8232144828,5.8632957508
5809000,"TITIRIBI",-75.7915490064,6.06098008157
5819000,"TOLEDO",-75.6914424126,7.01015402899
5837000,"TURBO",-76.7291584376,8.08911641099
5842000,"URAMITA",-76.1734091601,6.89849411111
5847000,"URRAO",-76.133948666,6.31731959103
5854000,"VALDIVIA",-75.4391984392,7.16533999984
5856000,"VALPARAISO",-75.624458885,5.61455072464
5858000,"VEGACHI",-74.7987269491,6.77344631959
5861000,"VENECIA",-75.7355032394,5.96473358309
5873000,"VIGIA DEL FUERTE",-76.8961869797,6.58811984466
5885000,"YALI",-74.8400467259,6.67656727216
5887000,"YARUMAL",-75.4188331376,6.96387235163
5890000,"YOLOMBO",-75.0133505772,6.59459243359
5893000,"YONDO",-73.9124579456,7.00394073438
5895000,"ZARAGOZA",-74.8670747123,7.48858307465
8001000,"BARRANQUILLA",-74.7952590482,10.9759268186
8078000,"BARANOA",-74.9160998139,10.7948804772
8137000,"CAMPO DE LA CRUZ",-74.8831517334,10.3792401344
8141000,"CANDELARIA",-74.879912602,10.4612172348
8296000,"GALAPA",-74.8669380999,10.9196410045
8372000,"JUAN DE ACOSTA",-75.0407991406,10.8301822336
8421000,"LURUACO",-75.1422461432,10.6111164196
8433000,"MALAMBO",-74.7742405717,10.8562872414
8436000,"MANATI",-74.9570349911,10.4489623783
8520000,"PALMAR DE VARELA",-74.7547578946,10.7385832606
8549000,"PIOJO",-75.1074701179,10.7493444169
8558000,"POLONUEVO",-74.8542572499,10.7777245089
8560000,"PONEDERA",-74.7539004396,10.6417959278
8573000,"PUERTO COLOMBIA",-74.851963565,11.0229400539
8606000,"REPELON",-75.1254816202,10.4933416667
8634000,"SABANAGRANDE",-74.758507205,10.7910759492
8638000,"SABANALARGA",-74.9210936808,10.6328352305
8675000,"SANTA LUCIA",-74.9589714527,10.3232732128
8685000,"SANTO TOMAS",-74.7541118585,10.756056293
8758000,"SOLEDAD",-74.784833384,10.9101744673
8770000,"SUAN",-74.8816874806,10.335431376
8832000,"TUBARA",-74.9786794721,10.873647738
8849000,"USIACURI",-74.9769826088,10.7429781944
11001000,"BOGOTA, D.C.",-74.1073590032,4.65017303026
13001000,"CARTAGENA DE INDIAS",-75.496431028,10.3849855226
13006000,"ACHI",-74.5570639545,8.56911039303
13030000,"ALTOS DEL ROSARIO",-74.1650494459,8.79160639942
13042000,"ARENAL",-73.9411158255,8.45863043784
13052000,"ARJONA",-75.3444884486,10.2566315237
13062000,"ARROYOHONDO",-75.0171926779,10.2427984821
13074000,"BARRANCO DE LOBA",-74.1052242834,8.94773015812
13140000,"CALAMAR",-74.9136292818,10.2519633588
13160000,"CANTAGALLO",-73.9146502355,7.37831560048
13188000,"CICUCO",-74.6454941915,9.27474559753
13212000,"CORDOBA",-74.8274626321,9.58690791767
13222000,"CLEMENCIA",-75.3285120131,10.567541769
13244000,"EL CARMEN DE BOLIVAR",-75.1212157328,9.71857986447
13248000,"EL GUAMO",-74.976113566,10.0309129767
13268000,"EL PENON",-73.9494155005,8.98821947575
13300000,"HATILLO DE LOBA",-74.0783647121,8.95561489131
13430000,"MAGANGUE",-74.7701745713,9.26856379448
13433000,"MAHATES",-75.1913365877,10.2332545168
13440000,"MARGARITA",-74.2808217575,9.15555047248
13442000,"MARIA LA BAJA",-75.3007593485,9.98264551708
13458000,"MONTECRISTO",-74.471703852,8.29713627502
13468000,"SANTA CRUZ DE MOMPOX",-74.4278664177,9.24388375713
13473000,"MORALES",-73.8681404847,8.27630677134
13490000,"NOROSI",-74.0380591313,8.52598078728
13549000,"PINILLOS",-74.4624035436,8.91545223353
13580000,"REGIDOR",-73.8216380238,8.66625772801
13600000,"RIO VIEJO",-73.8399454858,8.58762771185
13620000,"SAN CRISTOBAL",-75.0655341715,10.3928557722
13647000,"SAN ESTANISLAO",-75.153257919,10.3984757022
13650000,"SAN FERNANDO",-74.3238666453,9.21417906541
13654000,"SAN JACINTO",-75.1210888007,9.83021907275
13655000,"SAN JACINTO DEL CAUCA",-74.720826427,8.25173932101
13657000,"SAN JUAN NEPOMUCENO",-75.0813529279,9.95345438771
13667000,"SAN MARTIN DE LOBA",-74.0390117481,8.93709081139
13670000,"SAN PABLO",-73.924168553,7.47672067152
13673000,"SANTA CATALINA",-75.2877641062,10.6050560511
13683000,"SANTA ROSA",-75.369831664,10.4443960805
13688000,"SANTA ROSA DEL SUR",-74.0528400072,7.96285483059
13744000,"SIMITI",-73.9473119566,7.95417637554
13760000,"SOPLAVIENTO",-75.136425507,10.3884574255
13780000,"TALAIGUA NUEVO",-74.5676280613,9.30488932928
13810000,"TIQUISIO",-74.2635468827,8.55774111696
13836000,"TURBACO",-75.4244091655,10.3327691633
13838000,"TURBANA",-75.4425024683,10.2744020509
13873000,"VILLANUEVA",-75.2747543876,10.4444983316
13894000,"ZAMBRANO",-74.8138396019,9.74691390036
15001000,"TUNJA",-73.3554887287,5.53995323795
15022000,"ALMEIDA",-73.3789331048,4.97085650862
15047000,"AQUITANIA",-72.8839848091,5.51860354302
15051000,"ARCABUCO",-73.4381847561,5.75518426904
15087000,"BELEN",-72.9116195663,5.98927786058
15090000,"BERBEO",-73.1270321462,5.22728723002
15092000,"BETEITIVA",-72.8090312025,5.90990781839
15097000,"BOAVITA",-72.5849593987,6.33065256287
15104000,"BOYACA",-73.3623027174,5.45423716391
15106000,"BRICENO",-73.9232596955,5.69087889724
15109000,"BUENAVISTA",-73.9423052248,5.51243115138
15114000,"BUSBANZA",-72.8841617543,5.8313895322
15131000,"CALDAS",-73.8655410006,5.55457507858
15135000,"CAMPOHERMOSO",-73.1041679174,5.0316606812
15162000,"CERINZA",-72.948275851,5.95602818885
15172000,"CHINAVITA",-73.3684764814,5.16748382122
15176000,"CHIQUINQUIRA",-73.8183876347,5.61412789039
15180000,"CHISCAS",-72.5018350718,6.55405042828
15183000,"CHITA",-72.4718923521,6.18708299638
15185000,"CHITARAQUE",-73.4471004029,6.02742513316
15187000,"CHIVATA",-73.2825294417,5.55894884501
15189000,"CIENEGA",-73.2960612914,5.40870219185
15204000,"COMBITA",-73.323956415,5.63454531392
15212000,"COPER",-74.0454607199,5.47498301805
15215000,"CORRALES",-72.8447948409,5.82810220795
15218000,"COVARACHIA",-72.7389779335,6.50017746022
15223000,"CUBARA",-72.1106877551,7.00009287529
15224000,"CUCAITA",-73.4543376458,5.54445155869
15226000,"CUITIVA",-72.9659232314,5.58036723016
15232000,"CHIQUIZA",-73.4494626143,5.63983430511
15236000,"CHIVOR",-73.3668937555,4.8877816607
15238000,"DUITAMA",-73.0306096702,5.82298567975
15244000,"EL COCUY",-72.4447293162,6.40771623162
15248000,"EL ESPINO",-72.4970073546,6.48302740589
15272000,"FIRAVITOBA",-72.9933614508,5.66892215993
15276000,"FLORESTA",-72.9181113126,5.85951912431
15293000,"GACHANTIVA",-73.5490923938,5.75189108211
15296000,"GAMEZA",-72.805529354,5.80233780495
15299000,"GARAGOA",-73.3644275636,5.08324346272
15317000,"GUACAMAYAS",-72.5008119968,6.4596665157
15322000,"GUATEQUE",-73.4712069731,5.00732089514
15325000,"GUAYATA",-73.4896964004,4.96712253068
15332000,"GUICAN DE LA SIERRA",-72.4117626054,6.46286375486
15362000,"IZA",-72.9801762321,5.61169613977
15367000,"JENESANO",-73.3637375578,5.38581284499
15368000,"JERICO",-72.5707234868,6.14592038332
15377000,"LABRANZAGRANDE",-72.5777701202,5.56268704797
15380000,"LA CAPILLA",-73.4443474018,5.09568699246
15401000,"LA VICTORIA",-74.2343932245,5.52379224002
15403000,"LA UVITA",-72.5599847038,6.3162064057
15407000,"VILLA DE LEYVA",-73.5246845965,5.63266184936
15425000,"MACANAL",-73.3196422421,4.97246606306
15442000,"MARIPI",-74.0040499461,5.55009070992
15455000,"MIRAFLORES",-73.1456304805,5.19651511498
15464000,"MONGUA",-72.7980904867,5.7542422283
15466000,"MONGUI",-72.8492600099,5.72340407154
15469000,"MONIQUIRA",-73.5733703874,5.8763348107
15476000,"MOTAVITA",-73.3678410519,5.57769959996
15480000,"MUZO",-74.1027507754,5.53246286737
15491000,"NOBSA",-72.9398531722,5.77104262442
15494000,"NUEVO COLON",-73.457136184,5.35514586429
15500000,"OICATA",-73.3084039802,5.59523423857
15507000,"OTANCHE",-74.1809647364,5.6575357131
15511000,"PACHAVITA",-73.3969530625,5.1400647313
15514000,"PAEZ",-73.0543103782,5.09523463077
15516000,"PAIPA",-73.1179168833,5.77994187022
15518000,"PAJARITO",-72.7032099199,5.29366520638
15522000,"PANQUEBA",-72.459200274,6.4430754152
15531000,"PAUNA",-73.9784487242,5.65632269134
15533000,"PAYA",-72.4237754102,5.62569870723
15537000,"PAZ DE RIO",-72.7491373831,5.98764490579
15542000,"PESCA",-73.0508722377,5.55880760918
15550000,"PISBA",-72.4859468239,5.72161511225
15572000,"PUERTO BOYACA",-74.5879991859,5.97793495174
15580000,"QUIPAMA",-74.1777293867,5.51837038479
15599000,"RAMIRIQUI",-73.3348689631,5.40022164431
15600000,"RAQUIRA",-73.6324971571,5.53906582743
15621000,"RONDON",-73.2084739746,5.35740011572
15632000,"SABOYA",-73.7646606203,5.69773343185
15638000,"SACHICA",-73.5426344665,5.5835924967
15646000,"SAMACA",-73.4856435912,5.49231459065
15660000,"SAN EDUARDO",-73.0771429986,5.22395593971
15664000,"SAN JOSE DE PARE",-73.5453724498,6.01897577141
15667000,"SAN LUIS DE GACENO",-73.1683594198,4.81969044706
15673000,"SAN MATEO",-72.555264211,6.40168331763
15676000,"SAN MIGUEL DE SEMA",-73.7220048421,5.51808638788
15681000,"SAN PABLO DE BORBUR",-74.0699644758,5.6506763959
15686000,"SANTANA",-73.4812263191,6.05741310683
15690000,"SANTA MARIA",-73.2635176558,4.85719299476
15693000,"SANTA ROSA DE VITERBO",-72.9824609238,5.87455559736
15696000,"SANTA SOFIA",-73.6027071719,5.71326942075
15720000,"SATIVANORTE",-72.7084581556,6.13113611074
15723000,"SATIVASUR",-72.7124380793,6.09318234349
15740000,"SIACHOQUE",-73.2446490051,5.51181505462
15753000,"SOATA",-72.6840249822,6.33191193659
15755000,"SOCOTA",-72.6366533804,6.04116183315
15757000,"SOCHA",-72.6919658568,5.99671302142
15759000,"SOGAMOSO",-72.9230476859,5.72568939005
15761000,"SOMONDOCO",-73.433392983,4.98572550723
15762000,"SORA",-73.4501527774,5.56683979702
15763000,"SOTAQUIRA",-73.2473344815,5.76523077368
15764000,"SORACA",-73.332805627,5.50090483119
15774000,"SUSACON",-72.6902892468,6.23033207437
15776000,"SUTAMARCHAN",-73.6205860962,5.61978141908
15778000,"SUTATENZA",-73.4523171398,5.02298899355
15790000,"TASCO",-72.7810111577,5.90982103112
15798000,"TENZA",-73.4205891075,5.0770743509
15804000,"TIBANA",-73.3964572213,5.31725092439
15806000,"TIBASOSA",-72.9994492099,5.74722997688
15808000,"TINJACA",-73.6468473359,5.57971330972
15810000,"TIPACOQUE",-72.6931726756,6.41858580299
15814000,"TOCA",-73.1847903357,5.56646915043
15816000,"TOGUI",-73.5136550618,5.93743822459
15820000,"TOPAGA",-72.832244934,5.76820144934
15822000,"TOTA",-72.9858981444,5.56049737415
15832000,"TUNUNGUA",-73.9331547966,5.7305822083
15835000,"TURMEQUE",-73.4918470184,5.3232527677
15837000,"TUTA",-73.2259729425,5.69096824399
15839000,"TUTAZA",-72.8560354807,6.03260790273
15842000,"UMBITA",-73.4569165722,5.22117620092
15861000,"VENTAQUEMADA",-73.5223732489,5.36873397919
15879000,"VIRACACHA",-73.2968996511,5.43678853466
15897000,"ZETAQUIRA",-73.1690520056,5.28211605241
17001000,"MANIZALES",-75.4910489848,5.05768819705
17013000,"AGUADAS",-75.4548696699,5.61024445592
17042000,"ANSERMA",-75.7843426615,5.23647439108
17050000,"ARANZAZU",-75.4912546148,5.27114176848
17088000,"BELALCAZAR",-75.8119182955,4.99379389997
17174000,"CHINCHINA",-75.6074807289,4.98581286197
17272000,"FILADELFIA",-75.5624740599,5.29709070967
17380000,"LA DORADA",-74.6582056212,5.44440609816
17388000,"LA MERCED",-75.5479078855,5.39477940954
17433000,"MANZANARES",-75.1528288516,5.25572025339
17442000,"MARMATO",-75.6002416244,5.47400482007
17444000,"MARQUETALIA",-75.0530970305,5.29752456061
17446000,"MARULANDA",-75.2594025313,5.28433046388
17486000,"NEIRA",-75.5198420752,5.16670570261
17495000,"NORCASIA",-74.8895440794,5.57479539319
17513000,"PACORA",-75.4596212622,5.52717173309
17524000,"PALESTINA",-75.6215025571,5.02057116803
17541000,"PENSILVANIA",-75.1602985189,5.38328059422
17614000,"RIOSUCIO",-75.7020697129,5.42368091314
17616000,"RISARALDA",-75.7672195365,5.16450895652
17653000,"SALAMINA",-75.4872224433,5.40302451457
17662000,"SAMANA",-74.9922577601,5.41308630139
17665000,"SAN JOSE",-75.7920044375,5.08156947455
17777000,"SUPIA",-75.6496603124,5.44684298212
17867000,"VICTORIA",-74.9111530426,5.31742020018
17873000,"VILLAMARIA",-75.5137606023,5.04380668643
17877000,"VITERBO",-75.8706098599,5.06266423587
18001000,"FLORENCIA",-75.6085604324,1.6179229304
18029000,"ALBANIA",-75.878370537,1.32852208792
18094000,"BELEN DE LOS ANDAQUIES",-75.8724739494,1.41578644559
18150000,"CARTAGENA DEL CHAIRA",-74.8471983686,1.33513495491
18205000,"CURILLO",-75.9192043462,1.03347374762
18247000,"EL DONCELLO",-75.2835628711,1.67987247593
18256000,"EL PAUJIL",-75.3261234569,1.5703732827
18410000,"LA MONTANITA",-75.4364077628,1.47917263471
18460000,"MILAN",-75.506962028,1.29042720175
18479000,"MORELIA",-75.724581403,1.48762336882
18592000,"PUERTO RICO",-75.1574887391,1.9089350729
18610000,"SAN JOSE DEL FRAGUA",-75.9735381035,1.33194847974
18753000,"SAN VICENTE DEL CAGUAN",-74.7673405755,2.11978613132
18756000,"SOLANO",-75.2537043144,0.698977525293
18785000,"SOLITA",-75.6197340907,0.876668003326
18860000,"VALPARAISO",-75.7065835254,1.19458303208
19001000,"POPAYAN",-76.5740646841,2.48250339062
19022000,"ALMAGUER",-76.8559244891,1.91336023289
19050000,"ARGELIA",-77.2494502806,2.25675490871
19075000,"BALBOA",-77.2158981426,2.04047876828
19100000,"BOLIVAR",-76.9663120354,1.83741640354
19110000,"BUENOS AIRES",-76.6422805942,3.01542682958
19130000,"CAJIBIO",-76.570884274,2.62333825366
19137000,"CALDONO",-76.4844478583,2.79813082558
19142000,"CALOTO",-76.4084870416,3.03407077834
19212000,"CORINTO",-76.2613141858,3.17381545712
19256000,"EL TAMBO",-76.8107722487,2.4513713597
19290000,"FLORENCIA",-77.0725342556,1.68252246324
19300000,"GUACHENE",-76.3921887379,3.13415329544
19318000,"GUAPI",-77.8880334723,2.57291836569
19355000,"INZA",-76.0635027215,2.54918298431
19364000,"JAMBALO",-76.3238781841,2.77783734662
19392000,"LA SIERRA",-76.7632090797,2.1793224055
19397000,"LA VEGA",-76.7788973014,2.00110922351
19418000,"LOPEZ DE MICAY",-77.2476915421,2.84671593199
19450000,"MERCADERES",-77.1658443228,1.7757724953
19455000,"MIRANDA",-76.2288698651,3.25309540523
19473000,"MORALES",-76.6292205639,2.75455856722
19513000,"PADILLA",-76.3132908947,3.22085383574
19517000,"PAEZ",-75.9719645112,2.64136676756
19532000,"PATIA",-76.980978593,2.1156702266
19533000,"PIAMONTE",-76.3257642468,1.11719778195
19548000,"PIENDAMO - TUNIA",-76.528505916,2.64198757766
19573000,"PUERTO TEJADA",-76.4173077964,3.23329412702
19585000,"PURACE",-76.4956389436,2.34264404738
19622000,"ROSAS",-76.7403518701,2.26097969885
19693000,"SAN SEBASTIAN",-76.7693316013,1.83837388745
19698000,"SANTANDER DE QUILICHAO",-76.4853702902,3.01605390077
19701000,"SANTA ROSA",-76.5739729713,1.70242028367
19743000,"SILVIA",-76.3795704195,2.61181564498
19760000,"SOTARA PAISPAMBA",-76.6132981543,2.25313406728
19780000,"SUAREZ",-76.6934471137,2.9597015369
19785000,"SUCRE",-76.9262773071,2.03825139668
19807000,"TIMBIO",-76.6842387889,2.34997642507
19809000,"TIMBIQUI",-77.6675652428,2.77741370208
19821000,"TORIBIO",-76.271127213,2.95145040911
19824000,"TOTORO",-76.4024425093,2.51022919252
19845000,"VILLA RICA",-76.457872658,3.17757792648
20001000,"VALLEDUPAR",-73.259389309,10.4604812152
20011000,"AGUACHICA",-73.599028585,8.31033695838
20013000,"AGUSTIN CODAZZI",-73.2383961682,10.0404579941
20032000,"ASTREA",-73.9758637993,9.49816110765
20045000,"BECERRIL",-73.2792316745,9.70460611578
20060000,"BOSCONIA",-73.8887676643,9.97509470036
20175000,"CHIMICHAGUA",-73.8133284455,9.25827144037
20178000,"CHIRIGUANA",-73.6001444386,9.36118961071
20228000,"CURUMANI",-73.5409865164,9.20181059219
20238000,"EL COPEY",-73.9627174377,10.1495254346
20250000,"EL PASO",-73.7417884838,9.668470391
20295000,"GAMARRA",-73.7437599973,8.32044905058
20310000,"GONZALEZ",-73.3800398618,8.38960409745
20383000,"LA GLORIA",-73.8032101165,8.61929787819
20400000,"LA JAGUA DE IBIRICO",-73.3342279147,9.56388730036
20443000,"MANAURE BALCON DEL CESAR",-73.0283204603,10.3908986424
20517000,"PAILITAS",-73.6258166827,8.95603320557
20550000,"PELAYA",-73.666354865,8.68865096387
20570000,"PUEBLO BELLO",-73.5890106167,10.4150615983
20614000,"RIO DE ORO",-73.3863951998,8.29228738416
20621000,"LA PAZ",-73.1713629126,10.3874895364
20710000,"SAN ALBERTO",-73.394225336,7.76082642
20750000,"SAN DIEGO",-73.1812180784,10.3330328571
20770000,"SAN MARTIN",-73.510975182,7.99989545861
20787000,"TAMALAMEQUE",-73.8121727977,8.86172498622
23001000,"MONTERIA",-75.8755779091,8.7451325909
23068000,"AYAPEL",-75.1462907587,8.31444662901
23079000,"BUENAVISTA",-75.4808987065,8.22116555415
23090000,"CANALETE",-76.2413965182,8.78694452257
23162000,"CERETE",-75.7962165157,8.88861181239
23168000,"CHIMA",-75.6268955144,9.14948045696
23182000,"CHINU",-75.3997196232,9.10529408935
23189000,"CIENAGA DE ORO",-75.6207866383,8.87550224563
23300000,"COTORRA",-75.79914949,9.03708805117
23350000,"LA APARTADA",-75.339016306,8.05245366011
23417000,"LORICA",-75.8159953999,9.24085514265
23419000,"LOS CORDOBAS",-76.3551928772,8.8921689971
23464000,"MOMIL",-75.677960621,9.24071191662
23466000,"MONTELIBANO",-75.4168181275,7.97377724432
23500000,"MONITOS",-76.1293961872,9.24528029275
23555000,"PLANETA RICA",-75.5832429853,8.4082025621
23570000,"PUEBLO NUEVO",-75.5079713776,8.50400329721
23574000,"PUERTO ESCONDIDO",-76.2604110803,9.00537217768
23580000,"PUERTO LIBERTADOR",-75.6717997497,7.88883481477
23586000,"PURISIMA DE LA CONCEPCION",-75.724885256,9.23929907899
23660000,"SAHAGUN",-75.4459203022,8.94312541611
23670000,"SAN ANDRES DE SOTAVENTO",-75.5088938958,9.14516294312
23672000,"SAN ANTERO",-75.7607729685,9.37621734505
23675000,"SAN BERNARDO DEL VIENTO",-75.954743869,9.35230198865
23678000,"SAN CARLOS",-75.698845486,8.7991065915
23682000,"SAN JOSE DE URE",-75.5331329003,7.78718514987
23686000,"SAN PELAYO",-75.835125523,8.95801032102
23807000,"TIERRALTA",-76.0596965873,8.17037868433
23815000,"TUCHIN",-75.5544509193,9.18696587527
23855000,"VALENCIA",-76.1507186857,8.25501658365
25001000,"AGUA DE DIOS",-74.6692177783,4.37531201654
25019000,"ALBAN",-74.4382610949,4.87802212342
25035000,"ANAPOIMA",-74.5285175294,4.56295617479
25040000,"ANOLAIMA",-74.4638420299,4.76169521336
25053000,"ARBELAEZ",-74.4148256203,4.27248167219
25086000,"BELTRAN",-74.7418023007,4.80281145918
25095000,"BITUIMA",-74.5396189325,4.87223433854
25099000,"BOJACA",-74.348491637,4.74175811774
25120000,"CABRERA",-74.4841872343,3.98461913986
25123000,"CACHIPAY",-74.4357071003,4.73095462855
25126000,"CAJICA",-74.0234539659,4.92080905869
25148000,"CAPARRAPI",-74.491119562,5.34794329475
25151000,"CAQUEZA",-73.946474203,4.40410105992
25154000,"CARMEN DE CARUPA",-73.9015737647,5.34911575799
25168000,"CHAGUANI",-74.5934552918,4.9489158269
25175000,"CHIA",-74.0503468211,4.86606542368
25178000,"CHIPAQUE",-74.0448756309,4.44267101655
25181000,"CHOACHI",-73.9228944808,4.52704792092
25183000,"CHOCONTA",-73.6835234355,5.14522389367
25200000,"COGUA",-73.9784966905,5.06184179776
25214000,"COTA",-74.1027264632,4.81298776927
25224000,"CUCUNUBA",-73.7662153323,5.249767987
25245000,"EL COLEGIO",-74.4425516884,4.57945966153
25258000,"EL PENON",-74.2912859352,5.24914117123
25260000,"EL ROSAL",-74.2636673864,4.85221427507
25269000,"FACATATIVA",-74.3502279311,4.81306417837
25279000,"FOMEQUE",-73.8925225919,4.48547434467
25281000,"FOSCA",-73.939020362,4.33909284456
25286000,"FUNZA",-74.2115250018,4.7127630154
25288000,"FUQUENE",-73.7958554311,5.40404076647
25290000,"FUSAGASUGA",-74.3663339328,4.33848085051
25293000,"GACHALA",-73.520161361,4.69357867212
25295000,"GACHANCIPA",-73.8734692187,4.99091817204
25297000,"GACHETA",-73.6370065098,4.81702216214
25299000,"GAMA",-73.6110289432,4.7633382001
25307000,"GIRARDOT",-74.797794594,4.3130783365
25312000,"GRANADA",-74.3507661124,4.51976347261
25317000,"GUACHETA",-73.6870982163,5.3837411919
25320000,"GUADUAS",-74.6029562704,5.0718705327
25322000,"GUASCA",-73.8771434385,4.86671914717
25324000,"GUATAQUI",-74.7899687799,4.51741723492
25326000,"GUATAVITA",-73.8328740383,4.93413970308
25328000,"GUAYABAL DE SIQUIMA",-74.4674373333,4.87796813442
25335000,"GUAYABETAL",-73.815093758,4.21529662874
25339000,"GUTIERREZ",-74.0030419006,4.25467886744
25368000,"JERUSALEN",-74.695419232,4.56230826721
25372000,"JUNIN",-73.6629245458,4.79037997406
25377000,"LA CALERA",-73.9697449587,4.72034452148
25386000,"LA MESA",-74.4615447441,4.631044239
25394000,"LA PALMA",-74.3910201655,5.35881671072
25398000,"LA PENA",-74.3930887331,5.20021114693
25402000,"LA VEGA",-74.3311382109,4.99307703418
25407000,"LENGUAZAQUE",-73.7114935355,5.30614349852
25426000,"MACHETA",-73.6083249966,5.08019892124
25430000,"MADRID",-74.2656257663,4.73612976558
25436000,"MANTA",-73.5405024653,5.00905838893
25438000,"MEDINA",-73.349122722,4.50661493013
25473000,"MOSQUERA",-74.2317750849,4.71137120122
25483000,"NARINO",-74.8247317885,4.39983679943
25486000,"NEMOCON",-73.8796297366,5.06736463787
25488000,"NILO",-74.6199658722,4.3058014209
25489000,"NIMAIMA",-74.3860073831,5.12602624761
25491000,"NOCAIMA",-74.3777279564,5.06893301864
25506000,"VENECIA",-74.4781782099,4.08896094329
25513000,"PACHO",-74.1561166248,5.13694229685
25518000,"PAIME",-74.1522128773,5.37048740987
25524000,"PANDI",-74.4866412755,4.19039256127
25530000,"PARATEBUENO",-73.2128272365,4.37483278131
25535000,"PASCA",-74.3054599341,4.30985441175
25572000,"PUERTO SALGAR",-74.6528007002,5.46495604399
25580000,"PULI",-74.7144764597,4.681785104
25592000,"QUEBRADANEGRA",-74.480145011,5.11807100487
25594000,"QUETAME",-73.8631138797,4.32982560247
25596000,"QUIPILE",-74.5337050069,4.74480989336
25599000,"APULO",-74.5938045381,4.52034721895
25612000,"RICAURTE",-74.7845429695,4.29394974668
25645000,"SAN ANTONIO DEL TEQUENDAMA",-74.3514426858,4.61613804533
25649000,"SAN BERNARDO",-74.4229624182,4.17943236251
25653000,"SAN CAYETANO",-74.0247539737,5.33293754523
25658000,"SAN FRANCISCO",-74.2896719804,4.97291693996
25662000,"SAN JUAN DE RIOSECO",-74.6219147166,4.84757599913
25718000,"SASAIMA",-74.4326279484,4.96216698742
25736000,"SESQUILE",-73.796127833,5.04472961298
25740000,"SIBATE",-74.2589922464,4.48976359282
25743000,"SILVANIA",-74.4055282051,4.38194115676
25745000,"SIMIJACA",-73.8503203464,5.50542809823
25754000,"SOACHA",-74.2145275305,4.58549165821
25758000,"SOPO",-73.9457748929,4.90633080922
25769000,"SUBACHOQUE",-74.1727084609,4.92907928898
25772000,"SUESCA",-73.7982897825,5.10351683913
25777000,"SUPATA",-74.2354030066,5.0616195474
25779000,"SUSA",-73.8140032455,5.45486800416
25781000,"SUTATAUSA",-73.8531588919,5.24748231326
25785000,"TABIO",-74.0961833908,4.91720219183
25793000,"TAUSA",-73.8864726745,5.19655503948
25797000,"TENA",-74.3895331213,4.65533915338
25799000,"TENJO",-74.1439562115,4.87196053725
25805000,"TIBACUY",-74.4523435167,4.34831465919
25807000,"TIBIRITA",-73.5045140252,5.05227783785
25815000,"TOCAIMA",-74.6363049188,4.45927086386
25817000,"TOCANCIPA",-73.9120912065,4.96478635371
25823000,"TOPAIPI",-74.3026879682,5.33597334979
25839000,"UBALA",-73.5339799298,4.74390140812
25841000,"UBAQUE",-73.9334608709,4.48380209489
25843000,"VILLA DE SAN DIEGO DE UBATE",-73.8143463395,5.30754098383
25845000,"UNE",-74.0251822579,4.40245039297
25851000,"UTICA",-74.4831202894,5.19059010435
25862000,"VERGARA",-74.3463604317,5.11730456845
25867000,"VIANI",-74.5613266223,4.87520521745
25871000,"VILLAGOMEZ",-74.1951454569,5.27302375544
25873000,"VILLAPINZON",-73.5953546674,5.21643837183
25875000,"VILLETA",-74.469704945,5.01279063928
25878000,"VIOTA",-74.5231603183,4.43935581422
25885000,"YACOPI",-74.3380243467,5.45929034118
25898000,"ZIPACON",-74.3795914182,4.75992488622
25899000,"ZIPAQUIRA",-73.9944712419,5.02547168537
27001000,"QUIBDO",-76.6259693555,5.69219518726
27006000,"ACANDI",-77.28009788,8.51140595152
27025000,"ALTO BAUDO",-76.974399188,5.51630986891
27050000,"ATRATO",-76.635037458,5.53137351138
27073000,"BAGADO",-76.4152929877,5.41055495984
27075000,"BAHIA SOLANO",-77.4027503497,6.22224546046
27077000,"BAJO BAUDO",-77.3654099858,4.95462667208
27099000,"BOJAYA",-76.8834694949,6.55625744373
27135000,"EL CANTON DEL SAN PABLO",-76.7268500506,5.33533532037
27150000,"CARMEN DEL DARIEN",-76.9707169669,7.15840296592
27160000,"CERTEGUI",-76.6080212077,5.37041379046
27205000,"CONDOTO",-76.650682657,5.09100320813
27245000,"EL CARMEN DE ATRATO",-76.1422298644,5.89975136084
27250000,"EL LITORAL DEL SAN JUAN",-77.3598378367,4.25676670562
27361000,"ISTMINA",-76.6851803224,5.15394649553
27372000,"JURADO",-77.7627509172,7.10361908265
27413000,"LLORO",-76.5452106324,5.49815080132
27425000,"MEDIO ATRATO",-76.7824142234,5.99483547118
27430000,"MEDIO BAUDO",-76.9496060384,5.19356395371
27450000,"MEDIO SAN JUAN",-76.6933579369,5.10024074741
27491000,"NOVITA",-76.6071181355,4.95609700877
27495000,"NUQUI",-77.2629034621,5.71195723614
27580000,"RIO IRO",-76.4729247918,5.1862997941
27600000,"RIO QUITO",-76.7410165609,5.48372775133
27615000,"RIOSUCIO",-77.1131095942,7.4366315522
27660000,"SAN JOSE DEL PALMAR",-76.2328488246,4.89759307986
27745000,"SIPI",-76.644403889,4.65120415155
27787000,"TADO",-76.5587660173,5.2641399492
27800000,"UNGUIA",-77.0917530276,8.04276078238
27810000,"UNION PANAMERICANA",-76.6284060686,5.28109585159
41001000,"NEIVA",-75.2777225856,2.93560441491
41006000,"ACEVEDO",-75.8885315631,1.80526322752
41013000,"AGRADO",-75.771903578,2.2597293939
41016000,"AIPE",-75.2390311845,3.22359756208
41020000,"ALGECIRAS",-75.3153728821,2.52244759678
41026000,"ALTAMIRA",-75.7883629026,2.06371088635
41078000,"BARAYA",-75.0542702546,3.15319854148
41132000,"CAMPOALEGRE",-75.3257354624,2.68682740076
41206000,"COLOMBIA",-74.8028131807,3.37697712859
41244000,"ELIAS",-75.9380108384,2.0126970942
41298000,"GARZON",-75.6276937365,2.19699442096
41306000,"GIGANTE",-75.5412198856,2.38823562547
41319000,"GUADALUPE",-75.7550282522,2.02515732255
41349000,"HOBO",-75.4511509705,2.58286797558
41357000,"IQUIRA",-75.6344974837,2.64935907046
41359000,"ISNOS",-76.2176374469,1.92946706016
41378000,"LA ARGENTINA",-75.9797684232,2.19824625206
41396000,"LA PLATA",-75.8914513146,2.38964669414
41483000,"NATAGA",-75.808785321,2.54535290122
41503000,"OPORAPA",-75.9951778073,2.02505400214
41518000,"PAICOL",-75.7729923197,2.44954894922
41524000,"PALERMO",-75.4337191172,2.88840623576
41530000,"PALESTINA",-76.1331223473,1.7234441812
41548000,"PITAL",-75.8040049225,2.26667937625
41551000,"PITALITO",-76.0487449016,1.85257835541
41615000,"RIVERA",-75.258546723,2.77757051597
41660000,"SALADOBLANCO",-76.0441412612,1.99249488113
41668000,"SAN AGUSTIN",-76.2703596812,1.88108129836
41676000,"SANTA MARIA",-75.5861159397,2.93975522323
41770000,"SUAZA",-75.7950558039,1.97584609003
41791000,"TARQUI",-75.8235750758,2.11132110249
41797000,"TESALIA",-75.7298401662,2.48605026371
41799000,"TELLO",-75.1387730361,3.06753809501
41801000,"TERUEL",-75.5670342459,2.74096841626
41807000,"TIMANA",-75.932086996,1.9742244433
41872000,"VILLAVIEJA",-75.2172443445,3.22076758985
41885000,"YAGUARA",-75.5180232943,2.66469421287
44001000,"RIOHACHA",-72.911488911,11.5287513839
44035000,"ALBANIA",-72.5985216275,11.1574886487
44078000,"BARRANCAS",-72.7935756661,10.9586667142
44090000,"DIBULLA",-73.3076197893,11.2715694012
44098000,"DISTRACCION",-72.8873926829,10.8984725868
44110000,"EL MOLINO",-72.9267433428,10.6535025126
44279000,"FONSECA",-72.84666224,10.884300668
44378000,"HATONUEVO",-72.7590165832,11.068743033
44420000,"LA JAGUA DEL PILAR",-73.07167902,10.5102140463
44430000,"MAICAO",-72.24190502,11.3783267846
44560000,"MANAURE",-72.4396673679,11.7740565859
44650000,"SAN JUAN DEL CESAR",-73.0005932132,10.7695786836
44847000,"URIBIA",-72.2647606333,11.7146458229
44855000,"URUMITA",-73.0125067869,10.5601686422
44874000,"VILLANUEVA",-72.9776227799,10.6088116901
47001000,"SANTA MARTA",-74.1908941206,11.2294335041
47030000,"ALGARROBO",-74.0611324498,10.1880388607
47053000,"ARACATACA",-74.1867628365,10.589800014
47058000,"ARIGUANI",-74.2364988872,9.84705707582
47161000,"CERRO DE SAN ANTONIO",-74.8684730007,10.3256594262
47170000,"CHIVOLO",-74.623137943,10.0268411585
47189000,"CIENAGA",-74.2412861592,11.0066568813
47205000,"CONCORDIA",-74.8330298987,10.2573106144
47245000,"EL BANCO",-73.9742812074,9.00873300892
47258000,"EL PINON",-74.8232910908,10.403094542
47268000,"EL RETEN",-74.2684560983,10.6106676606
47288000,"FUNDACION",-74.1913434578,10.5140924032
47318000,"GUAMAL",-74.2236992781,9.14438583174
47460000,"NUEVA GRANADA",-74.3922356416,9.80154797096
47541000,"PEDRAZA",-74.9154577312,10.1882057785
47545000,"PIJINO DEL CARMEN",-74.4582182382,9.33195311235
47551000,"PIVIJAY",-74.6135179463,10.4606932421
47555000,"PLATO",-74.7846828554,9.79676986843
47570000,"PUEBLOVIEJO",-74.2824842344,10.9948296498
47605000,"REMOLINO",-74.7161404672,10.7021700527
47660000,"SABANAS DE SAN ANGEL",-74.2139388964,10.0325360146
47675000,"SALAMINA",-74.7941889188,10.4912290396
47692000,"SAN SEBASTIAN DE BUENAVISTA",-74.3516751417,9.24050524972
47703000,"SAN ZENON",-74.4989915024,9.24506060276
47707000,"SANTA ANA",-74.5676576229,9.32183785903
47720000,"SANTA BARBARA DE PINTO",-74.704685823,9.43225713696
47745000,"SITIONUEVO",-74.7201692105,10.7754096368
47798000,"TENERIFE",-74.8607751961,9.89778714086
47960000,"ZAPAYAN",-74.716877967,10.1682967093
47980000,"ZONA BANANERA",-74.140081844,10.7630268185
50001000,"VILLAVICENCIO",-73.6270920374,4.12386149961
50006000,"ACACIAS",-73.765936654,3.99012066334
50110000,"BARRANCA DE UPIA",-72.9643338065,4.57062297077
50124000,"CABUYARO",-72.7919787759,4.28592384781
50150000,"CASTILLA LA NUEVA",-73.688129602,3.82804035208
50223000,"CUBARRAL",-73.8392134871,3.79408946456
50226000,"CUMARAL",-73.4861087817,4.26953776576
50245000,"EL CALVARIO",-73.7133287874,4.35262205297
50251000,"EL CASTILLO",-73.7940127553,3.56383401942
50270000,"EL DORADO",-73.8350120047,3.74000407753
50287000,"FUENTEDEORO",-73.6179816101,3.46286803084
50313000,"GRANADA",-73.7057153275,3.54669472368
50318000,"GUAMAL",-73.7703386303,3.88063859949
50325000,"MAPIRIPAN",-72.1356448727,2.89643913676
50330000,"MESETAS",-74.0436808546,3.38392476102
50350000,"LA MACARENA",-73.7870688164,2.17821426987
50370000,"URIBE",-74.3515453533,3.23965299669
50400000,"LEJANIAS",-74.0240219993,3.52591984483
50450000,"PUERTO CONCORDIA",-72.7600475939,2.62308215282
50568000,"PUERTO GAITAN",-72.0830789361,4.31448745543
50573000,"PUERTO LOPEZ",-72.9574362618,4.09340642527
50577000,"PUERTO LLERAS",-73.3737434266,3.2697324386
50590000,"PUERTO RICO",-73.2065133275,2.93974367593
50606000,"RESTREPO",-73.5646041828,4.26073199369
50680000,"SAN CARLOS DE GUAROA",-73.2414091237,3.71053663955
50683000,"SAN JUAN DE ARAMA",-73.875831539,3.37372787444
50686000,"SAN JUANITO",-73.6766990281,4.4581800051
50689000,"SAN MARTIN",-73.6956178151,3.70187987616
50711000,"VISTAHERMOSA",-73.7511667597,3.12575209958
52001000,"PASTO",-77.2785763476,1.21212436525
52019000,"ALBAN",-77.0807123296,1.47497801502
52022000,"ALDANA",-77.7003565562,0.882181194607
52036000,"ANCUYA",-77.5145132877,1.26329997691
52051000,"ARBOLEDA",-77.1353988936,1.50353656396
52079000,"BARBACOAS",-78.1398949317,1.67034519398
52083000,"BELEN",-77.0156657294,1.5956760655
52110000,"BUESACO",-77.1564797524,1.38143441547
52203000,"COLON",-77.0197770431,1.64387430246
52207000,"CONSACA",-77.4651021135,1.20762305606
52210000,"CONTADERO",-77.5494090245,0.91045786274
52215000,"CORDOBA",-77.5178965606,0.854564417514
52224000,"CUASPUD CARLOSAMA",-77.728946826,0.862978103157
52227000,"CUMBAL",-77.7922766205,0.906185360866
52233000,"CUMBITARA",-77.5781467265,1.64684597096
52240000,"CHACHAGUI",-77.2817014441,1.36032801952
52250000,"EL CHARCO",-78.1098489985,2.47755059299
52254000,"EL PENOL",-77.4378593689,1.45289260091
52256000,"EL ROSARIO",-77.3345655563,1.74247570539
52258000,"EL TABLON DE GOMEZ",-77.0967308309,1.42705403082
52260000,"EL TAMBO",-77.3902046633,1.40764342171
52287000,"FUNES",-77.4489785975,1.00113518084
52317000,"GUACHUCAL",-77.7315898616,0.959743484374
52320000,"GUAITARILLA",-77.5496888153,1.12963250374
52323000,"GUALMATAN",-77.566815123,0.919802909677
52352000,"ILES",-77.5209759031,0.969205286695
52354000,"IMUES",-77.4961781598,1.05513770884
52356000,"IPIALES",-77.6464007453,0.827734241442
52378000,"LA CRUZ",-76.9705317398,1.60133931406
52381000,"LA FLORIDA",-77.4064308396,1.29919223184
52385000,"LA LLANADA",-77.5807116469,1.4726361966
52390000,"LA TOLA",-78.1903920526,2.39821219074
52399000,"LA UNION",-77.1311543535,1.60026861271
52405000,"LEIVA",-77.306213783,1.93451621385
52411000,"LINARES",-77.5219399584,1.35114507269
52418000,"LOS ANDES",-77.521325957,1.49454740484
52427000,"MAGUI",-78.1810607778,1.76531367129
52435000,"MALLAMA",-77.8644282911,1.14083897014
52473000,"MOSQUERA",-78.4529854062,2.50711641409
52480000,"NARINO",-77.3579721275,1.28897899199
52490000,"OLAYA HERRERA",-78.3256187091,2.34758448833
52506000,"OSPINA",-77.5660669806,1.05849169084
52520000,"FRANCISCO PIZARRO",-78.6581818738,2.04080905599
52540000,"POLICARPA",-77.4592653857,1.62813871983
52560000,"POTOSI",-77.5727917754,0.806340416777
52565000,"PROVIDENCIA",-77.5965921517,1.23769150376
52573000,"PUERRES",-77.5042106489,0.885125174787
52585000,"PUPIALES",-77.6335044303,0.867139627792
52612000,"RICAURTE",-77.9954448723,1.21293145822
52621000,"ROBERTO PAYAN",-78.2456625248,1.69774476771
52678000,"SAMANIEGO",-77.5944571324,1.33535187859
52683000,"SANDONA",-77.4695675667,1.28613693018
52685000,"SAN BERNARDO",-77.0474027666,1.51425366607
52687000,"SAN LORENZO",-77.2152316532,1.5033409866
52693000,"SAN PABLO",-77.0139243865,1.66942689444
52694000,"SAN PEDRO DE CARTAGO",-77.1191974964,1.55165884418
52696000,"SANTA BARBARA",-77.9790827832,2.44954819379
52699000,"SANTACRUZ",-77.6770222383,1.22198591892
52720000,"SAPUYES",-77.6203002674,1.03752785633
52786000,"TAMINANGO",-77.280221597,1.57004776679
52788000,"TANGUA",-77.3926941837,1.09488051452
52835000,"SAN ANDRES DE TUMACO",-78.7638541478,1.80711725006
52838000,"TUQUERRES",-77.6168863825,1.08519335919
52885000,"YACUANQUER",-77.4028238217,1.11455624108
54001000,"CUCUTA",-72.5082561962,7.90530629465
54003000,"ABREGO",-73.2217343999,8.08178414123
54051000,"ARBOLEDAS",-72.7988745246,7.64297044033
54099000,"BOCHALEMA",-72.6470380877,7.61216805231
54109000,"BUCARASICA",-72.8679543738,8.0411673429
54125000,"CACOTA",-72.6420588392,7.26870546239
54128000,"CACHIRA",-73.0487455245,7.74090515785
54172000,"CHINACOTA",-72.604678236,7.60095766936
54174000,"CHITAGA",-72.6654349244,7.13812232389
54206000,"CONVENCION",-73.3372084478,8.47036893328
54223000,"CUCUTILLA",-72.7725719062,7.53898713725
54239000,"DURANIA",-72.6586046913,7.71477962488
54245000,"EL CARMEN",-73.4466871194,8.510578756
54250000,"EL TARRA",-73.0948459237,8.57677136501
54261000,"EL ZULIA",-72.6046681753,7.9382294873
54313000,"GRAMALOTE",-72.7868300565,7.91658182359
54344000,"HACARI",-73.1459753507,8.32171456218
54347000,"HERRAN",-72.4835193432,7.50654086497
54377000,"LABATECA",-72.495874145,7.29833925605
54385000,"LA ESPERANZA",-73.3278974501,7.63999091265
54398000,"LA PLAYA",-73.2386486736,8.21262710646
54405000,"LOS PATIOS",-72.5057125591,7.83325628875
54418000,"LOURDES",-72.8325112619,7.94451955703
54480000,"MUTISCUA",-72.7471385364,7.30028049935
54498000,"OCANA",-73.3558144029,8.24745379156
54518000,"PAMPLONA",-72.6476814357,7.37285018029
54520000,"PAMPLONITA",-72.6392037624,7.43674667982
54553000,"PUERTO SANTANDER",-72.4103137832,8.36094561495
54599000,"RAGONVALIA",-72.4767082432,7.57786141547
54660000,"SALAZAR",-72.8131243454,7.77367122814
54670000,"SAN CALIXTO",-73.2060526939,8.4001518896
54673000,"SAN CAYETANO",-72.6254116336,7.87553273914
54680000,"SANTIAGO",-72.7166177702,7.86516263954
54720000,"SARDINATA",-72.8007583831,8.0820136662
54743000,"SILOS",-72.7570624841,7.20478661471
54800000,"TEORAMA",-73.2874092881,8.43637733794
54810000,"TIBU",-72.7359186314,8.6395488525
54820000,"TOLEDO",-72.4851073184,7.31003182761
54871000,"VILLA CARO",-72.973652389,7.9142783046
54874000,"VILLA DEL ROSARIO",-72.4700673416,7.8474874315
63001000,"ARMENIA",-75.6807507586,4.53598950231
63111000,"BUENAVISTA",-75.7393300642,4.36032522473
63130000,"CALARCA",-75.6490883624,4.51528184598
63190000,"CIRCASIA",-75.636528232,4.61779204337
63212000,"CORDOBA",-75.6878663583,4.39248544874
63272000,"FILANDIA",-75.6586858841,4.67414557186
63302000,"GENOVA",-75.7898166081,4.20747788779
63401000,"LA TEBAIDA",-75.7864601773,4.45365041583
63470000,"MONTENEGRO",-75.7518122369,4.5629597433
63548000,"PIJAO",-75.7033170007,4.33503788959
63594000,"QUIMBAYA",-75.7650742001,4.62438608575
63690000,"SALENTO",-75.570844186,4.63715676098
66001000,"PEREIRA",-75.7171230555,4.80568026503
66045000,"APIA",-75.9419306936,5.10573936698
66075000,"BALBOA",-75.960221681,4.94576919529
66088000,"BELEN DE UMBRIA",-75.8682185239,5.20064537648
66170000,"DOSQUEBRADAS",-75.6824691212,4.82718783235
66318000,"GUATICA",-75.7993627966,5.31620951216
66383000,"LA CELIA",-76.0030756454,5.00284730126
66400000,"LA VIRGINIA",-75.8840584341,4.89866695671
66440000,"MARSELLA",-75.7385832636,4.93555951856
66456000,"MISTRATO",-75.8828604706,5.29705906073
66572000,"PUEBLO RICO",-76.0306681462,5.22191210356
66594000,"QUINCHIA",-75.7304125955,5.34044568012
66682000,"SANTA ROSA DE CABAL",-75.6200106565,4.86752645418
66687000,"SANTUARIO",-75.9621155318,5.07278113854
68001000,"BUCARAMANGA",-73.1325981781,7.11626727561
68013000,"AGUADA",-73.5232368382,6.16223753324
68020000,"ALBANIA",-73.9138537689,5.75887024027
68051000,"ARATOCA",-73.017849893,6.69443996593
68077000,"BARBOSA",-73.6159988747,5.93260987515
68079000,"BARICHARA",-73.2230993262,6.63422927306
68081000,"BARRANCABERMEJA",-73.8499569753,7.06496386399
68092000,"BETULIA",-73.2836691291,6.8995253646
68101000,"BOLIVAR",-73.7713464124,5.98895261627
68121000,"CABRERA",-73.2465028955,6.59226080179
68132000,"CALIFORNIA",-72.9463583004,7.34788475118
68147000,"CAPITANEJO",-72.6991995911,6.53317998207
68152000,"CARCASI",-72.6270828663,6.62873240807
68160000,"CEPITA",-72.9735364646,6.75351840155
68162000,"CERRITO",-72.692345347,6.84424358158
68167000,"CHARALA",-73.1468703911,6.28434889708
68169000,"CHARTA",-72.9687984566,7.28082047249
68176000,"CHIMA",-73.373747738,6.34435172066
68179000,"CHIPATA",-73.6371106396,6.06252090352
68190000,"CIMITARRA",-73.9525821232,6.32068186747
68207000,"CONCEPCION",-72.6945942537,6.76883652788
68209000,"CONFINES",-73.2405538757,6.35732748987
68211000,"CONTRATACION",-73.4744263671,6.29056132834
68217000,"COROMORO",-73.0408167488,6.29499491408
68229000,"CURITI",-73.0693905206,6.60510678535
68235000,"EL CARMEN DE CHUCURI",-73.5112677449,6.69791145065
68245000,"EL GUACAMAYO",-73.4968929085,6.24511900714
68250000,"EL PENON",-73.8169109182,6.05427704585
68255000,"EL PLAYON",-73.2028779315,7.47071959264
68264000,"ENCINO",-73.0987380213,6.13740249683
68266000,"ENCISO",-72.6996470353,6.66803389035
68271000,"FLORIAN",-73.9714230675,5.80466636826
68276000,"FLORIDABLANCA",-73.0990326168,7.07236040291
68296000,"GALAN",-73.2877647263,6.63841500205
68298000,"GAMBITA",-73.3441835401,5.94598120307
68307000,"GIRON",-73.1682558736,7.07277510908
68318000,"GUACA",-72.8563220136,6.87656345234
68320000,"GUADALUPE",-73.4192920288,6.24584676462
68322000,"GUAPOTA",-73.3206990858,6.30858801303
68324000,"GUAVATA",-73.7008020955,5.95413607642
68327000,"GUEPSA",-73.5753259533,6.02484917625
68344000,"HATO",-73.3081448099,6.54296388647
68368000,"JESUS MARIA",-73.7833281736,5.87654346421
68370000,"JORDAN",-73.0960530621,6.73272709478
68377000,"LA BELLEZA",-73.9656258658,5.85954984785
68385000,"LANDAZURI",-73.8110852764,6.21874861486
68397000,"LA PAZ",-73.5895900302,6.17850932584
68406000,"LEBRIJA",-73.2195514422,7.11335608112
68418000,"LOS SANTOS",-73.1026566715,6.75517519378
68425000,"MACARAVITA",-72.5931054586,6.50658042814
68432000,"MALAGA",-72.7323798046,6.70305845778
68444000,"MATANZA",-73.0155656446,7.32317512433
68464000,"MOGOTES",-72.9698137921,6.47520995278
68468000,"MOLAGAVITA",-72.8094722283,6.6743572314
68498000,"OCAMONTE",-73.1225630364,6.33998772985
68500000,"OIBA",-73.2997860153,6.26517513253
68502000,"ONZAGA",-72.816759844,6.34409368538
68522000,"PALMAR",-73.2910901782,6.53778933221
68524000,"PALMAS DEL SOCORRO",-73.2877639744,6.40613865617
68533000,"PARAMO",-73.1703995372,6.41659237834
68547000,"PIEDECUESTA",-73.054660853,6.99747580407
68549000,"PINCHOTE",-73.1729143168,6.53206027037
68572000,"PUENTE NACIONAL",-73.6781341024,5.87796266544
68573000,"PUERTO PARRA",-74.0560942894,6.65080670207
68575000,"PUERTO WILCHES",-73.8993340229,7.34906614379
68615000,"RIONEGRO",-73.1501469118,7.26501048624
68655000,"SABANA DE TORRES",-73.4990501608,7.39191194418
68669000,"SAN ANDRES",-72.8488042362,6.81231015219
68673000,"SAN BENITO",-73.5093873452,6.12624458122
68679000,"SAN GIL",-73.1368814979,6.5556094669
68682000,"SAN JOAQUIN",-72.8676381191,6.42754793569
68684000,"SAN JOSE DE MIRANDA",-72.7336159614,6.65899479727
68686000,"SAN MIGUEL",-72.6441550924,6.5756253926
68689000,"SAN VICENTE DE CHUCURI",-73.4110239344,6.88038293512
68705000,"SANTA BARBARA",-72.9073362788,6.99051068072
68720000,"SANTA HELENA DEL OPON",-73.6167932693,6.33964534985
68745000,"SIMACOTA",-73.3373676728,6.44347113668
68755000,"SOCORRO",-73.2611964238,6.46385551552
68770000,"SUAITA",-73.4384163558,6.10354229514
68773000,"SUCRE",-73.7909746305,5.91874341198
68780000,"SURATA",-72.9842319659,7.36657956919
68820000,"TONA",-72.9660182636,7.20273524134
68855000,"VALLE DE SAN JOSE",-73.1437372709,6.44778968744
68861000,"VELEZ",-73.6662990692,6.01095344914
68867000,"VETAS",-72.8710408758,7.30981002331
68872000,"VILLANUEVA",-73.1743066886,6.67007767165
68895000,"ZAPATOCA",-73.2679100841,6.81433890042
70001000,"SINCELEJO",-75.3954835627,9.30233310439
70110000,"BUENAVISTA",-74.9730150031,9.31985727849
70124000,"CAIMITO",-75.1171408174,8.78932393355
70204000,"COLOSO",-75.3532567549,9.49419285811
70215000,"COROZAL",-75.2931671674,9.31910557117
70221000,"COVENAS",-75.6918670995,9.40246339437
70230000,"CHALAN",-75.3126963135,9.54535162368
70233000,"EL ROBLE",-75.1988311015,9.09953184702
70235000,"GALERAS",-75.0494200165,9.1596726194
70265000,"GUARANDA",-74.5383454196,8.46484704286
70400000,"LA UNION",-75.2760557956,8.85397530961
70418000,"LOS PALMITOS",-75.268748893,9.38022840771
70429000,"MAJAGUAL",-74.6281013985,8.54071299631
70473000,"MORROA",-75.3061997846,9.33131938078
70508000,"OVEJAS",-75.2290844408,9.52668723873
70523000,"PALMITO",-75.5412591509,9.33310829781
70670000,"SAMPUES",-75.3801912307,9.18320595549
70678000,"SAN BENITO ABAD",-75.0311608094,8.92997105952
70702000,"SAN JUAN DE BETULIA",-75.2435645402,9.27306598771
70708000,"SAN MARCOS",-75.1323975956,8.66482889144
70713000,"SAN ONOFRE",-75.5230306988,9.7369320138
70717000,"SAN PEDRO",-75.0634897031,9.39596363691
70742000,"SAN LUIS DE SINCE",-75.1460330499,9.24419599275
70771000,"SUCRE",-74.7232251149,8.81174074604
70820000,"SANTIAGO DE TOLU",-75.5812987203,9.52547322861
70823000,"SAN JOSE DE TOLUVIEJO",-75.4408217694,9.45184469937
73001000,"IBAGUE",-75.1937147765,4.43960899136
73024000,"ALPUJARRA",-74.9328638234,3.39173128917
73026000,"ALVARADO",-74.9535571427,4.56734359833
73030000,"AMBALEMA",-74.7644408896,4.78263399276
73043000,"ANZOATEGUI",-75.096450741,4.62747361841
73055000,"ARMERO",-74.8844129957,5.03067839219
73067000,"ATACO",-75.382534257,3.59063573735
73124000,"CAJAMARCA",-75.4354852634,4.43667276154
73148000,"CARMEN DE APICALA",-74.7161694209,4.1479120574
73152000,"CASABIANCA",-75.1209661467,5.07846450763
73168000,"CHAPARRAL",-75.4807430536,3.7230683757
73200000,"COELLO",-74.8984643478,4.28727554953
73217000,"COYAIMA",-75.1938782966,3.79802797981
73226000,"CUNDAY",-74.6922272161,4.05925925801
73236000,"DOLORES",-74.8968447533,3.53903600271
73268000,"ESPINAL",-74.8854497584,4.15131422057
73270000,"FALAN",-74.9530071704,5.12310386285
73275000,"FLANDES",-74.8187674587,4.27637165013
73283000,"FRESNO",-75.0356271476,5.153638261
73319000,"GUAMO",-74.96812715,4.03100390561
73347000,"HERVEO",-75.1771510865,5.08022752508
73349000,"HONDA",-74.7415779738,5.20150889922
73352000,"ICONONZO",-74.5319761897,4.17643620457
73408000,"LERIDA",-74.910634355,4.86202534619
73411000,"LIBANO",-75.063420931,4.92344237437
73443000,"SAN SEBASTIAN DE MARIQUITA",-74.8892948197,5.1996911832
73449000,"MELGAR",-74.6298504009,4.20815489203
73461000,"MURILLO",-75.1707868164,4.87507101432
73483000,"NATAGAIMA",-75.0934780032,3.62485853759
73504000,"ORTEGA",-75.2226010951,3.93491638658
73520000,"PALOCABILDO",-75.0221975724,5.12097196868
73547000,"PIEDRAS",-74.8780739866,4.54390828564
73555000,"PLANADAS",-75.6439614722,3.1976614695
73563000,"PRADO",-74.9274555686,3.75101323447
73585000,"PURIFICACION",-74.9286461937,3.85937985749
73616000,"RIOBLANCO",-75.6443876655,3.5298632299
73622000,"RONCESVALLES",-75.6060023252,4.01159775983
73624000,"ROVIRA",-75.2408682971,4.2389326854
73671000,"SALDANA",-75.0160689957,3.92679265766
73675000,"SAN ANTONIO",-75.480906706,3.912976052
73678000,"SAN LUIS",-75.0957871897,4.13372061431
73686000,"SANTA ISABEL",-75.0979343922,4.71360576739
73770000,"SUAREZ",-74.8318831084,4.0488842589
73854000,"VALLE DE SAN JUAN",-75.1156692342,4.19749367289
73861000,"VENADILLO",-74.9291708546,4.71796659348
73870000,"VILLAHERMOSA",-75.1177291017,5.03045228195
73873000,"VILLARRICA",-74.600295547,3.93674513818
76001000,"CALI",-76.5215651508,3.41441430458
76020000,"ALCALA",-75.7798138699,4.67498954243
76036000,"ANDALUCIA",-76.167921202,4.17172441625
76041000,"ANSERMANUEVO",-75.9919806734,4.79492271411
76054000,"ARGELIA",-76.1199057145,4.72694626476
76100000,"BOLIVAR",-76.1835738617,4.33784220415
76109000,"BUENAVENTURA",-77.0117402003,3.87580243673
76111000,"GUADALAJARA DE BUGA",-76.2989611331,3.90082354377
76113000,"BUGALAGRANDE",-76.1568077444,4.20833159173
76122000,"CAICEDONIA",-75.8303180522,4.33460969448
76126000,"CALIMA",-76.4843917469,3.93352446268
76130000,"CANDELARIA",-76.3464289066,3.40776646565
76147000,"CARTAGO",-75.9422640436,4.75875509757
76233000,"DAGUA",-76.6888710079,3.6573084845
76243000,"EL AGUILA",-76.0412990681,4.90961334008
76246000,"EL CAIRO",-76.2216035147,4.76088310037
76248000,"EL CERRITO",-76.3117255356,3.6842589413
76250000,"EL DOVIO",-76.2370841098,4.51045288499
76275000,"FLORIDA",-76.2345017444,3.32391810634
76306000,"GINEBRA",-76.2680678884,3.72418114734
76318000,"GUACARI",-76.3313673514,3.76290900784
76364000,"JAMUNDI",-76.5424587285,3.26227576022
76377000,"LA CUMBRE",-76.5679322224,3.64944716066
76400000,"LA UNION",-76.0996071822,4.53378328817
76403000,"LA VICTORIA",-76.0365287843,4.52360326388
76497000,"OBANDO",-75.9746887339,4.57572270504
76520000,"PALMIRA",-76.2985825464,3.53234915299
76563000,"PRADERA",-76.2418202275,3.41982740851
76606000,"RESTREPO",-76.5231170353,3.82134838162
76616000,"RIOFRIO",-76.2883126781,4.15690498917
76622000,"ROLDANILLO",-76.1522866285,4.4135962001
76670000,"SAN PEDRO",-76.228537785,3.99499260652
76736000,"SEVILLA",-75.9309405816,4.26703327347
76823000,"TORO",-76.0768534972,4.60808454626
76828000,"TRUJILLO",-76.3188089387,4.2120508064
76834000,"TULUA",-76.1976996795,4.08526123852
76845000,"ULLOA",-75.7377474697,4.70251391059
76863000,"VERSALLES",-76.1992035762,4.57501856645
76869000,"VIJES",-76.4419652068,3.69858792939
76890000,"YOTOCO",-76.3824744527,3.86121458419
76892000,"YUMBO",-76.499819783,3.52896890809
76895000,"ZARZAL",-76.0708493543,4.392621473
81001000,"ARAUCA",-70.7463503062,7.07735854436
81065000,"ARAUQUITA",-71.426751178,7.02698141466
81220000,"CRAVO NORTE",-70.2042855518,6.30391275247
81300000,"FORTUL",-71.7685577959,6.79707575274
81591000,"PUERTO RONDON",-71.0977428589,6.28385150095
81736000,"SARAVENA",-71.8723334257,6.95385956976
81794000,"TAME",-71.7586108633,6.44937948557
85001000,"YOPAL",-72.396915159,5.3276126513
85010000,"AGUAZUL",-72.5463002643,5.17269076547
85015000,"CHAMEZA",-72.8702355842,5.21431174949
85125000,"HATO COROZAL",-71.7649225437,6.1561724433
85136000,"LA SALINA",-72.3338816651,6.12782538523
85139000,"MANI",-72.2813984509,4.81682685997
85162000,"MONTERREY",-72.8950361388,4.87684543607
85225000,"NUNCHIA",-72.195071042,5.6366625968
85230000,"OROCUE",-71.338517916,4.79026966501
85250000,"PAZ DE ARIPORO",-71.8909239638,5.88003657043
85263000,"PORE",-71.9928596014,5.72772987803
85279000,"RECETOR",-72.7611460564,5.22949364831
85300000,"SABANALARGA",-73.0387233825,4.85461786612
85315000,"SACAMA",-72.2502758862,6.09697492036
85325000,"SAN LUIS DE PALENQUE",-71.7329250601,5.42088707118
85400000,"TAMARA",-72.1618252391,5.82982659682
85410000,"TAURAMENA",-72.7472519157,5.01920525972
85430000,"TRINIDAD",-71.6633409045,5.41221471624
85440000,"VILLANUEVA",-72.9274684347,4.60979910824
86001000,"MOCOA",-76.650271415,1.15229611807
86219000,"COLON",-76.9723017927,1.18982598808
86320000,"ORITO",-76.8730276879,0.663816898531
86568000,"PUERTO ASIS",-76.4972728472,0.505046721929
86569000,"PUERTO CAICEDO",-76.6048323529,0.684841655818
86571000,"PUERTO GUZMAN",-76.4085215423,0.96292243852
86573000,"PUERTO LEGUIZAMO",-74.782471025,-0.191872848653
86749000,"SIBUNDOY",-76.9174821569,1.20011573325
86755000,"SAN FRANCISCO",-76.8792349112,1.17421832142
86757000,"SAN MIGUEL",-76.9124101937,0.343272204449
86760000,"SANTIAGO",-77.0018234274,1.14553777045
86865000,"VALLE DEL GUAMUEZ",-76.905968795,0.4239040926
86885000,"VILLAGARZON",-76.6171624674,1.02894101162
88001000,"SAN ANDRES",-81.6960629797,12.5830136907
88564000,"PROVIDENCIA",-81.3709115975,13.3700998517
91001000,"LETICIA",-69.9414267076,-4.19983693453
91540000,"PUERTO NARINO",-70.3645183498,-3.78044763205
94001000,"INIRIDA",-67.9188368372,3.86616161896
95001000,"SAN JOSE DEL GUAVIARE",-72.6389862155,2.56642839915
95015000,"CALAMAR",-72.655171997,1.96010863321
95025000,"EL RETORNO",-72.6271859933,2.33016154912
95200000,"MIRAFLORES",-71.9505431671,1.33757404311
97001000,"MITU",-70.2347505205,1.25119056329
97161000,"CARURU",-71.2977932628,1.01459770902
97666000,"TARAIRA",-69.6390036603,-0.56938554021
99001000,"PUERTO CARRENO",-67.4869969956,6.18686418683
99524000,"LA PRIMAVERA",-70.4104200133,5.48633761449
99624000,"SANTA ROSALIA",-70.859741339,5.1364313857
99773000,"CUMARIBO",-69.7955329413,4.44635217371
